event_id,image_url,source,source_url,scraped_at
4f29c1ab26128fcfdb70a0176807d325,/sites/bor-bdxfr-drupal/files/styles/max_650x650/public/events/2025-06/10751e55a3494b429f1176452d9037db.base.image.jpg?itok=jU2kifnB,bordeaux-fr,https://www.bordeaux.fr/agenda/exposition-pollen,2025-08-31T21:19:02.066070
917beb70f3490173c07d01467d6c3351,/sites/bor-bdxfr-drupal/files/styles/max_650x650/public/events/2025-08/872a76254f464c13882e0f5f97444dda.base.image.jpg?itok=c0h3xvfC,bordeaux-fr,https://www.bordeaux.fr/agenda/collector-3,2025-08-31T21:19:04.215020
83e045f5d899fc43bbff85ea40a950dd,/sites/bor-bdxfr-drupal/files/styles/max_650x650/public/events/2025-06/cd87add8737b48e0ace8d0a0877200ec.base.image.jpg?itok=BgUfQFD-,bordeaux-fr,https://www.bordeaux.fr/agenda/visite-du-musee-de-lillusion-a-bordeaux,2025-08-31T21:19:05.928057
c9f0c4d458700adc1277d4ad3604709d,/sites/bor-bdxfr-drupal/files/styles/max_650x650/public/events/2025-06/dcbb3a6cc7cf4f6e976363918780d059.base.image.jpg?itok=dN_Ocxw3,bordeaux-fr,https://www.bordeaux.fr/agenda/orang-hutan-lhomme-de-la-foret,2025-08-31T21:19:07.846060
f59ca4d58cc833c0056dff71eb148ce9,/sites/bor-bdxfr-drupal/files/styles/max_650x650/public/events/2025-08/c3ca5e2e3314400eb54a4c5f4ca4db03.base.image.jpg?itok=TyhSisS_,bordeaux-fr,https://www.bordeaux.fr/agenda/balade-a-st-michel-capucins-deambulations-secretes-dans-le-ventre-de-bordeaux,2025-08-31T21:19:09.911202
92d413f0d898c9eecfe5f4dfb346f36c,/sites/bor-bdxfr-drupal/files/styles/max_650x650/public/events/2025-06/d1bd577d91b74cceae7900349ffde34c.base.image.jpg?itok=orQaSSaN,bordeaux-fr,https://www.bordeaux.fr/agenda/les-evenements-pulpes-de-lete,2025-08-31T21:19:11.803592
4e345018aa793431b68d5a2acf8befa0,/sites/bor-bdxfr-drupal/files/styles/max_650x650/public/events/2025-06/aa34a7ce3e854979a6ab37f81e062e64.base.image.jpg?itok=SBJF6_Ck,bordeaux-fr,https://www.bordeaux.fr/agenda/les-troubles-de-la-garonne,2025-08-31T21:19:13.932460
77dcef30a8b564ef1f10f6161a8c278d,/sites/bor-bdxfr-drupal/files/styles/max_650x650/public/events/2025-06/2e78115aae104ad1bef66775942decf6.base.image.jpg?itok=8D3Z5UAE,bordeaux-fr,https://www.bordeaux.fr/agenda/nouvelles-saisons-autoportraits-dun-territoire,2025-08-31T21:19:15.941643
305eca1e048139c6fbf8dd0a99b48d70,/sites/bor-bdxfr-drupal/files/styles/max_650x650/public/events/2025-06/8546e7dbac594b2692e2bfa8edfb3db0.base.image.jpg?itok=2gjIEoa-,bordeaux-fr,https://www.bordeaux.fr/agenda/napoleon-lepopee-immersive-a-bordeaux,2025-08-31T21:19:18.126435
72af1d64adc8651c0a3c0f61b30818b8,/sites/bor-bdxfr-drupal/files/styles/max_650x650/public/events/2025-06/db66708aea234d3995b25c4aa041bbfc.base.image.jpg?itok=ah0OZ9uP,bordeaux-fr,https://www.bordeaux.fr/agenda/expo-photo-michel-joly-en-premiere-ligne,2025-08-31T21:19:20.447341
34f028445d3b060568c8b14f7eae5873,/sites/bor-bdxfr-drupal/files/styles/max_650x650/public/events/2025-06/e3dcc4afaefe49ae85fe129d340f192d.base.image.jpg?itok=QeKgY4J0,bordeaux-fr,https://www.bordeaux.fr/agenda/orang-hutan-lhomme-de-la-foret-au-museum-de-bordeaux,2025-08-31T21:19:22.528357
b2ff0ed0cd67362c0ca3361c94a77bc7,/sites/bor-bdxfr-drupal/files/styles/max_650x650/public/events/2025-06/31d0c3d057164f549191cbfb1a39e9ab.base.image.jpg?itok=OsW1vvdl,bordeaux-fr,https://www.bordeaux.fr/agenda/siamesis-2008-2011,2025-08-31T21:19:24.742051
2fd01ea3562d0e2303705708b3b1d8f3,/sites/bor-bdxfr-drupal/files/styles/max_650x650/public/events/2025-08/032434ac282046b493a7d3f3054071b9.base.image.jpg?itok=6FQRqgLp,bordeaux-fr,https://www.bordeaux.fr/agenda/visites-guidees-de-la-ville-de-bordeaux,2025-08-31T21:19:27.054479
6360c2cfcee13a2f3c5730d01467689c,/sites/bor-bdxfr-drupal/files/styles/max_650x650/public/events/2025-06/d72e911d87404240a333c6c844507128.base.image.jpg?itok=CCUgnSdg,bordeaux-fr,https://www.bordeaux.fr/agenda/afterwork-umami-time,2025-08-31T21:19:29.283552
bc3ce2a92abbd7e19970f5837f706d14,/sites/bor-bdxfr-drupal/files/styles/max_650x650/public/events/2025-06/e5a95052adee40ce80d3f324fa37f388.base.image.jpg?itok=ojcEQfZL,bordeaux-fr,https://www.bordeaux.fr/agenda/excursions-dans-le-vignoble-bordelais,2025-08-31T21:19:31.480538
cdd312ec637263a4cd81473b8b07e60f,/sites/bor-bdxfr-drupal/files/styles/max_650x650/public/events/2025-06/ae6d28f9fb614a97b96ecde2035a8296.base.image.jpg?itok=B1Cqtc3E,bordeaux-fr,https://www.bordeaux.fr/agenda/visite-guidee-explorez-les-dessous-du-miroir-deau,2025-08-31T21:19:33.760486
d06acf71db073052659b6bcd10c133c1,/sites/bor-bdxfr-drupal/files/styles/max_650x650/public/events/2025-08/8179c54645fa44558d09b5598f252cb7.base.image.jpg?itok=KcNtQcBP,bordeaux-fr,https://www.bordeaux.fr/agenda/jeu-de-piste-le-voleur-du-grand-theatre,2025-08-31T21:19:36.141754
cb67e83401f06572da68936e82ebf72d,/sites/bor-bdxfr-drupal/files/styles/max_650x650/public/events/2025-07/d1924f0c0fc54457bff6a2647697b235.base.image.jpg?itok=_vst8GiI,bordeaux-fr,https://www.bordeaux.fr/agenda/exposition-aita-fragments-poetiques-dune-scene-marocaine,2025-08-31T21:19:38.289726
285a0a226277ea64f2d06f36a5a18e01,/sites/bor-bdxfr-drupal/files/styles/max_650x650/public/events/2025-08/1e2cea2b963d4375bef8e3e244582ae3.base.image.jpg?itok=1X7yXju0,bordeaux-fr,https://www.bordeaux.fr/agenda/les-journees-europeennes-du-patrimoine-et-du-matrimoine,2025-08-31T21:19:40.561794
0ebd523156a01a766880e7386498e34d,/sites/bor-bdxfr-drupal/files/styles/max_650x650/public/events/2025-06/6913a56fb42c48a0a4b55cb839e3f11c.base.image.jpg?itok=9ppBwNOk,bordeaux-fr,https://www.bordeaux.fr/agenda/yoga-spa,2025-08-31T21:19:43.086679
62e020d9dd481f3204e69108aa2c3a72,/sites/bor-bdxfr-drupal/files/styles/max_650x650/public/events/2025-07/8dcd852d07534276ba045098082cb6c9.base.image.jpg?itok=NLdJpsu0,bordeaux-fr,https://www.bordeaux.fr/agenda/lutte-des-classes-architectures-et-situations-dapprentissage,2025-08-31T21:19:45.293002
afd5aa7f54c79f9edeeabb93c11b80c1,/sites/bor-bdxfr-drupal/files/styles/max_650x650/public/events/2025-06/067ee34e53f84dcd85767b9e25304d98.base.image.jpg?itok=5JvwMWyW,bordeaux-fr,https://www.bordeaux.fr/agenda/atelier-de-degustation-art-vin,2025-08-31T21:19:47.346746
224b08c430e9042eaf4634bedb541821,/sites/bor-bdxfr-drupal/files/styles/max_650x650/public/events/2025-06/5f8e1444c2bb494fa80cfabed65b4dd0.base.image.jpg?itok=U2yB_cDg,bordeaux-fr,https://www.bordeaux.fr/agenda/atelier-de-degustation-le-vin-la-litterature,2025-08-31T21:19:49.476745
976fcd3017419b244545f5d28810bf21,/sites/bor-bdxfr-drupal/files/styles/max_650x650/public/events/2025-06/6e157360217b4796a5c24873fc461540.base.image.jpg?itok=FkF84beP,bordeaux-fr,https://www.bordeaux.fr/agenda/expedition-en-realite-virtuelle-mondes-disparus,2025-08-31T21:19:51.515562
94dab27d734430e35a90e98648cf4b4b,/sites/bor-bdxfr-drupal/files/styles/max_650x650/public/events/2025-06/57ce1bb147724d9a87c963223f65ebf2.base.image.jpg?itok=Km9HDNep,bordeaux-fr,https://www.bordeaux.fr/agenda/exposition-en-realite-virtuelle-carcassonne-1304,2025-08-31T21:19:53.200460
46f33f6fb5729fbba11cb20ab96bd69e,/sites/bor-bdxfr-drupal/files/styles/max_650x650/public/events/2025-06/367a09bdd50a40679998ee535d90361a.base.image.jpg?itok=RyXlhpcr,bordeaux-fr,https://www.bordeaux.fr/agenda/sauvons-les-sirenes-lexposition,2025-08-31T21:19:54.914525
72b69e715358c5b052ad01beb42a880b,/sites/bor-bdxfr-drupal/files/styles/max_650x650/public/events/2025-08/26c5b7a9ab684094bdc990a03fd12528.base.image.jpg?itok=x478R_ZJ,bordeaux-fr,https://www.bordeaux.fr/agenda/rallye-gourmand-sucre,2025-08-31T21:19:56.619866
39760eb954b979c10345212b47d3b280,/sites/bor-bdxfr-drupal/files/styles/max_650x650/public/events/2025-06/1145137ed8de44f79b62ecd055b9847d.base.image.jpg?itok=KqqadVGE,bordeaux-fr,https://www.bordeaux.fr/agenda/morimoto-sunday-its-not-a-brunch,2025-08-31T21:19:58.415221
7d5d14d8a16c9bb6593102fbd49ae987,/sites/bor-bdxfr-drupal/files/styles/max_650x650/public/events/2025-06/05497d4af67b46b3b2a8116c9a1770be.base.image.jpg?itok=got8Udwf,bordeaux-fr,https://www.bordeaux.fr/agenda/legypte-des-pharaons-aux-bassins-des-lumieres,2025-08-31T21:20:01.217642
43b420321aa3568eade209e12a6f2c0e,/sites/bor-bdxfr-drupal/files/styles/max_650x650/public/events/2025-07/d4c2f4c8f493437b8c6af6ba834ea9f8.base.image.jpg?itok=zF761z0I,bordeaux-fr,https://www.bordeaux.fr/agenda/recits-denfance,2025-08-31T21:20:02.791504
e0761d756ae2781becf5e6eccb4fbb04,/sites/bor-bdxfr-drupal/files/styles/max_650x650/public/events/2025-06/68197669610b4efa987f9e220cc0f8b0.base.image.jpg?itok=vD_LX-_A,bordeaux-fr,https://www.bordeaux.fr/agenda/voyage-sonore-spa,2025-08-31T21:20:04.552912
baba5bf527032843cd24538e9b76389a,/sites/bor-bdxfr-drupal/files/styles/max_650x650/public/events/2025-08/da15e6e125ca44559c10290da2e340c9.base.image.jpg?itok=3UnsJgOG,bordeaux-fr,https://www.bordeaux.fr/agenda/exposition-le-monde-dapres-1944-1954-des-lendemains-qui-chantent,2025-08-31T21:20:07.207867
9dcaa2d43ec88a9b7a7e5dd1449d525f,/sites/bor-bdxfr-drupal/files/styles/max_650x650/public/events/2025-08/ec025b4e47184737905fbf42ef292d05.base.image.jpg?itok=ft_sEMC8,bordeaux-fr,https://www.bordeaux.fr/agenda/balade-urbaine-a-bacalan-un-souffle-dhistoire-au-coeur-du-vivant,2025-08-31T21:20:08.911376
c3a80d426397d6bd999547a9c541c930,/sites/bor-bdxfr-drupal/files/styles/max_650x650/public/events/2025-07/f6c92230e26c410b95711b76d8eeadf3.base.image.jpg?itok=xiNAptt0,bordeaux-fr,https://www.bordeaux.fr/agenda/les-activites-a-la-plage-du-lac,2025-08-31T21:20:10.452487
be42bda5a2cb614916a601af4042a5b7,/sites/bor-bdxfr-drupal/files/styles/max_650x650/public/events/2025-06/abd265d832f242daafeaa58e5af04c13.base.image.jpg?itok=ViKucn6u,bordeaux-fr,https://www.bordeaux.fr/agenda/une-saison-haute-en-sensations-chez-vertigina,2025-08-31T21:20:12.012254
efe10b17cdb66518a3ab027571976717,/sites/bor-bdxfr-drupal/files/styles/max_650x650/public/events/2025-07/3f8ddb19cd2b43ad8a1bd96fb4179c8e.base.image.jpg?itok=qsvY7PT_,bordeaux-fr,https://www.bordeaux.fr/agenda/une-semainepas-plus,2025-08-31T21:20:13.552546
e742f0c9447bc6094ff09bf7ef791850,/sites/bor-bdxfr-drupal/files/styles/max_650x650/public/events/2025-06/a203ae87087c4dc9976a16e1cb824406.base.image.jpg?itok=QFWnWN2n,bordeaux-fr,https://www.bordeaux.fr/agenda/architecture-en-lecture,2025-08-31T21:20:15.283920
4361d94f728aa189182b9f82655bc743,/sites/bor-bdxfr-drupal/files/styles/max_650x650/public/events/2025-08/d72a82bcf0264cfeab7460fa33b399cd.base.image.jpg?itok=B5B_nlv_,bordeaux-fr,https://www.bordeaux.fr/agenda/balade-urbaine-a-la-bastide-benauge-une-epopee-de-la-rive-droite,2025-08-31T21:20:17.031513
8132486ad306db6f3089a2936d0b5194,/sites/bor-bdxfr-drupal/files/styles/max_650x650/public/events/2025-06/531927beba7f43c7a7984266540faa70.base.image.jpg?itok=qmZZfGpZ,bordeaux-fr,https://www.bordeaux.fr/agenda/exposition-camille-alena-k-desbouis-double-vie,2025-08-31T21:20:19.062839
93d1389a5b6b450cd71c0b10cf867f44,/sites/bor-bdxfr-drupal/files/styles/max_650x650/public/events/2025-06/92feb355ec6245a49ff50abfb1254131.base.image.jpg?itok=u2AwKqMu,bordeaux-fr,https://www.bordeaux.fr/agenda/visite-nocturne-de-la-cathedrale-saint-andre-de-bordeaux,2025-08-31T21:20:20.703595
55d457cd2b693070ed5c2c989423087d,/sites/bor-bdxfr-drupal/files/styles/max_650x650/public/events/2025-06/71b3bfbf0bf14739a8470f408475d2be.base.image.jpg?itok=7TK7sftN,bordeaux-fr,https://www.bordeaux.fr/agenda/lhorizon-de-kheops-lexposition-immersive,2025-08-31T21:20:22.384898
8038fe7b0205abed2cad66d66aee70a0,/sites/bor-bdxfr-drupal/files/styles/max_650x650/public/events/2025-06/b122acd14d704528a0dfa86d413efae7.base.image.jpg?itok=el69byhq,bordeaux-fr,https://www.bordeaux.fr/agenda/exposition-vibeke-mascini-le-monde-est-un-verbe,2025-08-31T21:20:24.112707
f8b13e6a874164f1a5629e4a4b5b17af,/sites/bor-bdxfr-drupal/files/styles/max_650x650/public/events/2025-06/b9840a83c1064745aecd7e32a412bac1.base.image.jpg?itok=s04D82Rk,bordeaux-fr,https://www.bordeaux.fr/agenda/experience-en-realite-virtuelle-les-impressionnistes,2025-08-31T21:20:25.852874
ead2d47c9ab36329e5ac5bf631aebd9c,/sites/bor-bdxfr-drupal/files/styles/max_650x650/public/events/2025-06/0274b39a0a6941b7bfb2f67e625c81eb.base.image.jpg?itok=hLj_TZMD,bordeaux-fr,https://www.bordeaux.fr/agenda/la-grande-roue-de-lete-a-bordeaux,2025-08-31T21:20:27.555443
68798dd3851376c5220adf312478ccb9,/sites/bor-bdxfr-drupal/files/styles/max_650x650/public/events/2025-06/63af4f1a46f744229cbd59285d882655.base.image.jpg?itok=7dVu1bbm,bordeaux-fr,https://www.bordeaux.fr/agenda/sauvons-les-sirenes-la-nouvelle-exposition-au-musee-mer-marine,2025-08-31T21:20:29.141541
d6f4fc4239ab719ef165c16738e8a6d6,/sites/bor-bdxfr-drupal/files/styles/max_650x650/public/events/2025-06/22041b27dc484b6d9b43acf1df6517fd.base.image.jpg?itok=WEnR0GWz,bordeaux-fr,https://www.bordeaux.fr/agenda/le-chant-des-fontaines,2025-08-31T21:20:30.894600
fc3e79f99a8a43dbecad8eb1af4e9619,/sites/bor-bdxfr-drupal/files/styles/max_650x650/public/events/2025-06/1e950a78a3034d28b21ef2b12a40514d.base.image.jpg?itok=-hPrwA2X,bordeaux-fr,https://www.bordeaux.fr/agenda/sensoria,2025-08-31T21:20:32.599959
219fca6c949f73134633dda0749ab411,/sites/bor-bdxfr-drupal/files/styles/max_650x650/public/events/2025-06/940f26a0d135437ea27fdc664167414f.base.image.jpg?itok=k04dqPzw,bordeaux-fr,https://www.bordeaux.fr/agenda/le-cafe-riviere,2025-08-31T21:20:34.366211
0998d695e5c14913949adf5022d4620c,/sites/bor-bdxfr-drupal/files/styles/max_650x650/public/events/2025-06/67b64aed21674beea83116dc0cbfd1aa.base.image.jpg?itok=dX26YPuf,bordeaux-fr,https://www.bordeaux.fr/agenda/sensoria-le-parcours-sensoriel-de-degustation-a-la-cite-du-vin,2025-08-31T21:20:36.118409
da63261c936a55a399607cc8a6432c95,/sites/bor-bdxfr-drupal/files/styles/max_650x650/public/events/2025-06/127209ca7e0d42d1b8638fe3454a1164.base.image.jpg?itok=diqm1n6l,bordeaux-fr,https://www.bordeaux.fr/agenda/migrations-du-vivant,2025-08-31T21:20:37.833013
6835f5b01cf1a6a81004ad2f130f2efe,https://cdn.openagenda.com/main/cd87add8737b48e0ace8d0a0877200ec.base.image.jpg,bordeaux-metropole,https://www.bordeaux-metropole.fr/agenda/visita-al-museo-de-la-ilusion-de-burdeos,2025-08-31T21:17:36.112402
9af3a1fadde01ea915f25148fb2c573e,https://cdn.openagenda.com/main/aa34a7ce3e854979a6ab37f81e062e64.base.image.jpg,bordeaux-metropole,https://www.bordeaux-metropole.fr/agenda/les-troubles-de-la-garonne,2025-08-31T21:17:41.271787
b9ab3bb2978b7062aeb860024881c98e,https://cdn.openagenda.com/main/c0263f5a8c8e4b358c212a208812af9f.base.image.jpg,bordeaux-metropole,https://www.bordeaux-metropole.fr/agenda/exposition-1828255,2025-08-31T21:17:46.198091
84166ada450e943260f01e457904c2e2,https://cdn.openagenda.com/main/31d0c3d057164f549191cbfb1a39e9ab.base.image.jpg,bordeaux-metropole,https://www.bordeaux-metropole.fr/agenda/siamesis-2008-2011,2025-08-31T21:17:50.513014
ae9e289b38730d752c0177bb82e187e5,https://cdn.openagenda.com/main/d4c2f4c8f493437b8c6af6ba834ea9f8.base.image.jpg,bordeaux-metropole,https://www.bordeaux-metropole.fr/agenda/recits-denfance,2025-08-31T21:17:54.452278
8cec4248c8832c7c3000fb72ee0d930b,https://cdn.openagenda.com/main/05497d4af67b46b3b2a8116c9a1770be.base.image.jpg,bordeaux-metropole,https://www.bordeaux-metropole.fr/agenda/la-egipto-de-los-faraones-en-los-bassins-des-lumieres,2025-08-31T21:17:58.746031
3a354490104a205ca3cf6adf39432902,https://cdn.openagenda.com/main/8546e7dbac594b2692e2bfa8edfb3db0.base.image.jpg,bordeaux-metropole,https://www.bordeaux-metropole.fr/agenda/napoleon-la-epopeya-inmersiva-en-burdeos,2025-08-31T21:18:03.130773
7515caede7dd5daebcdce9fc5a63f1dc,https://cdn.openagenda.com/main/22041b27dc484b6d9b43acf1df6517fd.base.image.jpg,bordeaux-metropole,https://www.bordeaux-metropole.fr/agenda/le-chant-des-fontaines,2025-08-31T21:18:08.109351
cd3119d12f602643d6bd48219e27fba2,https://cdn.openagenda.com/main/e5a95052adee40ce80d3f324fa37f388.base.image.jpg,bordeaux-metropole,https://www.bordeaux-metropole.fr/agenda/visitas-guiadas-a-los-vinedos-bordeleses,2025-08-31T21:18:12.717274
37780872bf03b499b73714e586d32b91,https://cdn.openagenda.com/main/0274b39a0a6941b7bfb2f67e625c81eb.base.image.jpg,bordeaux-metropole,https://www.bordeaux-metropole.fr/agenda/la-noria-de-burdeos,2025-08-31T21:18:16.808433
d5a8ef6c5ddb396bcb931593dec23802,https://cdn.openagenda.com/main/1e950a78a3034d28b21ef2b12a40514d.base.image.jpg,bordeaux-metropole,https://www.bordeaux-metropole.fr/agenda/via-sensoria,2025-08-31T21:18:21.123586
f5c8eca08c9a2de3a6b8d36871cd1d40,https://cdn.openagenda.com/main/cd356c33ead34bcb96022a5baeffd321.base.image.jpg,bordeaux-metropole,https://www.bordeaux-metropole.fr/agenda/nouvelle-saison-nouvelles-envies-laissez-vous-porter-par-la-rentree-des-seniors,2025-08-31T21:18:24.773250
2da9534c11fdf2c02febbd910de7c201,https://cdn.openagenda.com/main/a41a530f374d43b98f3eddc62290307d.base.image.jpg,bordeaux-metropole,https://www.bordeaux-metropole.fr/agenda/eclats-liberes,2025-08-31T21:18:28.656899
abcf2e4a68991bae786d3c67e494a79f,https://cdn.openagenda.com/main/032434ac282046b493a7d3f3054071b9.base.image.jpg,bordeaux-metropole,https://www.bordeaux-metropole.fr/agenda/bordeaux-metropole-visites-guidees-de-la-ville,2025-08-31T21:18:33.862122
08923107b503f16e3db7cd31f3bac41b,https://cdn.openagenda.com/main/d1bd577d91b74cceae7900349ffde34c.base.image.jpg,bordeaux-metropole,https://www.bordeaux-metropole.fr/agenda/les-evenements-pulpes-de-lete,2025-08-31T21:18:38.395885
efebcc78c1c98521df9bb512ace3c9f4,https://cdn.openagenda.com/main/2d43cba301bb4b27af21480448e094a8.base.image.jpg,bordeaux-metropole,https://www.bordeaux-metropole.fr/agenda/osez-la-musique-osez-la-danse-3268833,2025-08-31T21:18:42.758788
46b3084e1db1058105b400b445da1ee2,https://cdn.openagenda.com/main/db66708aea234d3995b25c4aa041bbfc.base.image.jpg,bordeaux-metropole,https://www.bordeaux-metropole.fr/agenda/expo-photo-michel-joly-en-premiere-ligne,2025-08-31T21:18:46.885022
a6043138f66c9e24b8d5292b69cfec87,https://cdn.openagenda.com/main/04968934503c4acca398854f85f2c138.base.image.jpg,bordeaux-metropole,https://www.bordeaux-metropole.fr/agenda/les-paysages-vus-du-ciel,2025-08-31T21:18:50.904720
b001c82529cb7122cd4e6c6660c3b0ba,https://cdn.openagenda.com/main/67b64aed21674beea83116dc0cbfd1aa.base.image.jpg,bordeaux-metropole,https://www.bordeaux-metropole.fr/agenda/via-sensoria-immersive-tasting-tour,2025-08-31T21:18:55.050627
e20da7cef75882a57e5a6d23ae9cb319,https://cdn.openagenda.com/main/5544b1a16b8a4fa4b607ad5880a9bb35.base.image.jpg,bordeaux-metropole,https://www.bordeaux-metropole.fr/agenda/exposicion-relatos-de-infancia-en-el-museo-de-bellas-artes-de-burdeos,2025-08-31T21:18:59.066599
b251d71d66791947860080ba7a597696,,bordeaux-tourisme,https://www.bordeaux-tourisme.com/evenements/monde-dapres-lendemains-qui-chantent-1944-1954-au-musee-daquitaine.html,2025-08-31T21:15:54.576252
fd8b6abf2f760d3403aed4febb3a49ed,,bordeaux-tourisme,https://www.bordeaux-tourisme.com/evenements/hockey-calendrier-matchs-domicile-boxers-bordeaux.html,2025-08-31T21:15:55.834712
94ae164adacd0d006cb34dd56a344bb9,,bordeaux-tourisme,https://www.bordeaux-tourisme.com/evenements/garden-afterwork-au-chateau-montlabert.html,2025-08-31T21:15:57.070061
db4591b59489eaf401b0019d8ccc2950,,bordeaux-tourisme,https://www.bordeaux-tourisme.com/evenements/fleche-d-aquitaine-2025.html,2025-08-31T21:15:58.367457
fdf6f309443d7174c56bd24e0822959b,,bordeaux-tourisme,https://www.bordeaux-tourisme.com/evenements/morimoto-sunday-its-not-brunch.html,2025-08-31T21:15:59.679611
5403ab12b6418a87c97ab38829bac901,,bordeaux-tourisme,https://www.bordeaux-tourisme.com/evenements/football-calendrier-girondins-en-national-2-bordeaux.html,2025-08-31T21:16:01.005763
d8930cff73e14cfced49f63c2c3fd39c,,bordeaux-tourisme,https://www.bordeaux-tourisme.com/evenements/rendez-vous-au-parc-jalles-apero-bio-atelier-mini-conferences-spectacle.html,2025-08-31T21:16:02.307272
ddc95abccad449dd159f29779d5b0a43,,bordeaux-tourisme,https://www.bordeaux-tourisme.com/evenements/vide-grenier-aux-dominicales-market-darwin.html,2025-08-31T21:16:03.733004
fa210fe52bd682435e9a675e9d6ae7bf,,bordeaux-tourisme,https://www.bordeaux-tourisme.com/evenements/portes-ouvertes-2025.html,2025-08-31T21:16:05.153647
f8ebf666de184e99cff7c010b1f08307,,bordeaux-tourisme,https://www.bordeaux-tourisme.com/evenements/exposition-recits-denfance-au-musee-beaux-arts-bordeaux.html,2025-08-31T21:16:06.523743
367d1e01d51244da4944f66e28c33ea2,,bordeaux-tourisme,https://www.bordeaux-tourisme.com/evenements/grande-roue-lete-bordeaux.html,2025-08-31T21:16:07.806350
5c2d8293b4add202fa5a7e9e7fa7ffd9,,bordeaux-tourisme,https://www.bordeaux-tourisme.com/evenements/visite-nocturne-cathedrale-saint-andre-bordeaux.html,2025-08-31T21:16:09.127725
33535496a51b70c2b2a2997c88f464e2,,bordeaux-tourisme,https://www.bordeaux-tourisme.com/evenements/marathon-chateaux-du-medoc.html,2025-08-31T21:16:10.412015
871da95fb802f446d6dbbeb18cd1f6a6,,bordeaux-tourisme,https://www.bordeaux-tourisme.com/evenements/sunset-gina-dj-set-emma-peters.html,2025-08-31T21:16:11.761247
397b899d49415cdcf4af83d6b756b814,,bordeaux-tourisme,https://www.bordeaux-tourisme.com/evenements/grande-course-trottinettes-revient-bordeaux.html,2025-08-31T21:16:13.095428
36fc2a98f3cca424ee01649215469750,,bordeaux-tourisme,https://www.bordeaux-tourisme.com/evenements/croisiere-cadillac-au-chateau-du-duc-depernon.html,2025-08-31T21:16:14.355667
801f66999fd57ad67063fa32b7f2abd2,,bordeaux-tourisme,https://www.bordeaux-tourisme.com/evenements/afterwork-vins-du-luxembourg.html,2025-08-31T21:16:15.715777
171939de711fe3a01ecbfa37da5e65fb,,bordeaux-tourisme,https://www.bordeaux-tourisme.com/evenements/floraison-majeure-sauve-majeure.html,2025-08-31T21:16:17.018456
7e55ef37e1b233003f0d976f7d63f0ef,,bordeaux-tourisme,https://www.bordeaux-tourisme.com/evenements/hockey-sur-glace-boxers-bordeaux-vs-dragons-rouen.html,2025-08-31T21:16:18.239465
e16c0509137a29fbe860a8b433955220,,bordeaux-tourisme,https://www.bordeaux-tourisme.com/evenements/experience-en-realite-virtuelle-impressionnistes.html,2025-08-31T21:16:19.600176
d4a8106fbc84be79440ea1c4f79e89d3,,bordeaux-tourisme,https://www.bordeaux-tourisme.com/evenements/japan-blue-day-conferences-rencontres-autour-teinture-lart-textile-japonais.html,2025-08-31T21:16:20.870391
d8d025d4c4cfa7d133a4c6f9f09e79e9,,bordeaux-tourisme,https://www.bordeaux-tourisme.com/evenements/sunset-gina-dj-set-leblanc.html,2025-08-31T21:16:22.207442
da637d6e2acd79eb93ba55f7de42342b,,bordeaux-tourisme,https://www.bordeaux-tourisme.com/evenements/visite-du-chantier-lutopia-du-rocher-palmer.html,2025-08-31T21:16:23.692481
c4365f1ed70d18a374b603b962ee30e8,,bordeaux-tourisme,https://www.bordeaux-tourisme.com/evenements/legypte-pharaons-aux-bassins-lumieres.html,2025-08-31T21:16:24.968402
0a52bfcba7b92acba6addec537c58d87,,bordeaux-tourisme,https://www.bordeaux-tourisme.com/evenements/evenements-pulpes-lete.html,2025-08-31T21:16:26.267564
501e47b8a8d8c31c5cdbdce7dd3f1159,,bordeaux-tourisme,https://www.bordeaux-tourisme.com/evenements/bordeaux-open-air-au-parc-mussonville.html,2025-08-31T21:16:27.588727
74e73befe88ecd84e458d0ba4435f943,,bordeaux-tourisme,https://www.bordeaux-tourisme.com/evenements/visite-du-musee-lillusion-bordeaux.html,2025-08-31T21:16:28.959231
18237f487b2b05b8963accf76e2559f0,,bordeaux-tourisme,https://www.bordeaux-tourisme.com/evenements/karaoke-live-band-tous-jeudis-belle-saison.html,2025-08-31T21:16:30.256076
e4f366c8b333818998bb71985775cdf8,,bordeaux-tourisme,https://www.bordeaux-tourisme.com/evenements/estivales-du-chateau-du-lort.html,2025-08-31T21:16:32.572360
0898024b0ce5098a1fcb906855ca6b7c,,bordeaux-tourisme,https://www.bordeaux-tourisme.com/evenements/climax-festival-10-darwin-experience.html,2025-08-31T21:16:33.893504
cf8aba14ebe6683155d64625edc6554c,,bordeaux-tourisme,https://www.bordeaux-tourisme.com/evenements/lassonance-festival-3.html,2025-08-31T21:16:35.182545
192b3cc124716dfc046942bc9e38537d,,bordeaux-tourisme,https://www.bordeaux-tourisme.com/evenements/exposition-en-realite-virtuelle-carcassonne-1304.html,2025-08-31T21:16:36.607543
1d1e81c9f2b40aac13e6280f92971cc4,,bordeaux-tourisme,https://www.bordeaux-tourisme.com/evenements/festival-commercants-8.html,2025-08-31T21:16:37.914457
6257932edf741611797993657d99e2b0,,bordeaux-tourisme,https://www.bordeaux-tourisme.com/evenements/visite-guidee-explorez-dessous-du-miroir-deau.html,2025-08-31T21:16:40.524180
0abfbb2bd74d73410dbffa55f8a1b166,,bordeaux-tourisme,https://www.bordeaux-tourisme.com/evenements/festival-musical-carles-5eme-edition.html,2025-08-31T21:16:42.045969
cdffa32c5fcd441910791b8654fefd8b,,bordeaux-tourisme,https://www.bordeaux-tourisme.com/evenements/hypnotize-nouveau-festival-rap.html,2025-08-31T21:16:43.370028
15239b844e387bb26c5477bdb282bb08,,bordeaux-tourisme,https://www.bordeaux-tourisme.com/evenements/rugby-calendrier-lubb-au-top-14.html,2025-08-31T21:16:44.627914
e2d4c303e213eccfb32fe6bce24001ba,,bordeaux-tourisme,https://www.bordeaux-tourisme.com/evenements/bordeaux-open-air-au-square-dom-bedos.html,2025-08-31T21:16:46.021145
a0445aad4e7411112215ba51eab7367d,,bordeaux-tourisme,https://www.bordeaux-tourisme.com/evenements/expedition-en-realite-virtuelle-mondes-disparus.html,2025-08-31T21:16:48.540864
7fc55b9228faa5d89e4ff92871cead8d,,bordeaux-tourisme,https://www.bordeaux-tourisme.com/evenements/afterbeach-decouverte-vignoble.html,2025-08-31T21:16:49.866082
856b67adff43cec3d75629f49bf9e215,,bordeaux-tourisme,https://www.bordeaux-tourisme.com/evenements/hockey-sur-glace-boxers-bordeaux-vs-ducs-dangers.html,2025-08-31T21:16:51.394904
9fc452931b02a5f6c03f8380576e77dc,,bordeaux-tourisme,https://www.bordeaux-tourisme.com/evenements/yoga-spa.html,2025-08-31T21:16:52.986625
eea0b9160c2521e9eb745dd238bb1834,,bordeaux-tourisme,https://www.bordeaux-tourisme.com/evenements/festival-gribouillis.html,2025-08-31T21:16:54.346526
629011ff5418082ab818d4051fe75a2b,,bordeaux-tourisme,https://www.bordeaux-tourisme.com/evenements/concours-petanque.html,2025-08-31T21:16:55.629206
12a16e64fce6f1ba122e4964f316f531,,bordeaux-tourisme,https://www.bordeaux-tourisme.com/evenements/excursions-dans-vignoble-bordelais.html,2025-08-31T21:16:56.990549
5db4cc5cbf26485014550dcd10bcff83,,bordeaux-tourisme,https://www.bordeaux-tourisme.com/evenements/sauvons-sirenes-nouvelle-exposition-au-musee-mer-marine.html,2025-08-31T21:16:58.361673
4c290150b0fcc683d09a9ecf23397f60,,bordeaux-tourisme,https://www.bordeaux-tourisme.com/evenements/montaigne-essais-jouir-loyalement-etre-au-petit-theatre.html,2025-08-31T21:16:59.756010
bff8b75eb7a0eb4ed7813cb70d78fc46,,bordeaux-tourisme,https://www.bordeaux-tourisme.com/evenements/quatre-saisons-vivaldi.html,2025-08-31T21:17:02.260734
e3a7dcc85cad45e871201591864ffb0f,,bordeaux-tourisme,https://www.bordeaux-tourisme.com/evenements/napoleon-lepopee-immersive-bordeaux.html,2025-08-31T21:17:03.682175
8d798b954a04bded2af0659049f8e43a,,bordeaux-tourisme,https://www.bordeaux-tourisme.com/evenements/match-rugby-top-14-ubb-rochelle.html,2025-08-31T21:17:05.203505
c175370944312f6a1eff1f9491dc74fb,,bordeaux-tourisme,https://www.bordeaux-tourisme.com/evenements/visites-guidees-ville-bordeaux.html,2025-08-31T21:17:06.702802
9f98ff2fa25611b26a42bb95b29e9003,,bordeaux-tourisme,https://www.bordeaux-tourisme.com/evenements/escapade-locale-bassens-randonnee-urbaine.html,2025-08-31T21:17:08.152061
b74025de26cf4a861037f908f0a69a58,,bordeaux-tourisme,https://www.bordeaux-tourisme.com/evenements/portes-ouvertes-du-village-decathlon.html,2025-08-31T21:17:09.474647
b77fe1b7b9b811567081b98c6faa133f,https://www.bordeaux-tourisme.com/sites/bordeaux_tourisme/files/medias/widgets/misc/Sans%20titre%20%281000%20x%20792%20px%29.jpg,bordeaux-tourisme,https://www.bordeaux-tourisme.com/evenements/journees-europeennes-du-patrimoine-du-matrimoine-bordeaux.html,2025-08-31T21:17:11.064881
12a22a0667ac28144d93936b0c10574c,,bordeaux-tourisme,https://www.bordeaux-tourisme.com/evenements/saison-haute-en-sensations-chez-vertigina.html,2025-08-31T21:17:12.356035
3413460a39f18f7fd392308f3c725172,,bordeaux-tourisme,https://www.bordeaux-tourisme.com/evenements/escapade-locale-cenon-randonnee-sauvage-au-cypressat.html,2025-08-31T21:17:13.722096
8f2efa72e1a28bfd443319f7947d87b4,,bordeaux-tourisme,https://www.bordeaux-tourisme.com/evenements/orang-hutan-lhomme-foret-au-museum-bordeaux.html,2025-08-31T21:17:15.059254
10826189768a0f9af08ede557d46f56f,,bordeaux-tourisme,https://www.bordeaux-tourisme.com/evenements/lhorizon-kheops-lexposition-immersive.html,2025-08-31T21:17:17.234914
1136290cf5cf15bb218468d23625eb8a,,bordeaux-tourisme,https://www.bordeaux-tourisme.com/evenements/sensoria-parcours-sensoriel-degustation-cite-du-vin.html,2025-08-31T21:17:18.686250
d79628603a52df98c5a11751c2105d2d,,bordeaux-tourisme,https://www.bordeaux-tourisme.com/evenements/journees-portes-ouvertes-aux-chateaux-castillon-cotes-bordeaux.html,2025-08-31T21:17:20.087789
7b6770526d7a06ea780c1697487a3028,https://www.guide-bordeaux-gironde.com/_bibli/agenda/94702/images/bunker-502-bon.jpg?v=ficheAgendaBg,guide-bordeaux-gironde,https://www.guide-bordeaux-gironde.com/fr/agenda/patrimoine/arcachon-9/visite-libre-du-bunker-502-94702.html,2025-08-31T21:21:11.199007
c3da73be5793b3be5f14bf8d07342c06,https://www.guide-bordeaux-gironde.com/_bibli/agenda/136786/images/pexels-alexeydemidov-32602498.jpg?v=ficheAgendaBg,guide-bordeaux-gironde,https://www.guide-bordeaux-gironde.com/fr/agenda/expositions/vendays-montalivet-526/exposition-bd-manga-comics-136786.html,2025-08-31T21:21:13.683882
81fc27bc12eb5f44a5492d14809f51f3,https://www.guide-bordeaux-gironde.com/_bibli/agenda/114249/images/langon-sud-gironde-agence-les-conteurs-8.jpg?v=ficheAgendaBg,guide-bordeaux-gironde,https://www.guide-bordeaux-gironde.com/fr/agenda/marches/saint-symphorien-472/marche-de-saint-symphorien-le-mercredi-114249.html,2025-08-31T21:21:16.201791
648ef4eaa1d51058f77d04af0080d2f0,https://www.guide-bordeaux-gironde.com/_bibli/agenda/129395/images/panier-pique-nique.jpg?v=ficheAgendaBg,guide-bordeaux-gironde,https://www.guide-bordeaux-gironde.com/fr/agenda/sorties-natures/les-leves-et-thoumeyragues-238/pique-nique-dans-les-vignes-au-chateau-hostens-picant-129395.html,2025-08-31T21:21:18.674355
1b5cd5dbdc3f7503bbe0594b4d3860d8,https://www.guide-bordeaux-gironde.com/_bibli/agenda/136446/images/cards-3662554-1280-bridge-pixabay.jpg?v=ficheAgendaBg,guide-bordeaux-gironde,https://www.guide-bordeaux-gironde.com/fr/agenda/evenements-sportifs/ares-11/tournoi-de-bridge-136446.html,2025-08-31T21:21:21.052722
0bcd865755890e6044eab96927425b06,https://www.guide-bordeaux-gironde.com/_bibli/agenda/128718/images/brunch-morimoto-sunday.jpg?v=ficheAgendaBg,guide-bordeaux-gironde,https://www.guide-bordeaux-gironde.com/fr/agenda/gastronomie/bordeaux-61/brunch-morimoto-sunday-128718.html,2025-08-31T21:21:23.794733
1e0c74c745a42a13e7e6115582175230,https://www.guide-bordeaux-gironde.com/_bibli/agenda/139251/images/06-08-2025-expo-chantelys.jpg?v=ficheAgendaBg,guide-bordeaux-gironde,https://www.guide-bordeaux-gironde.com/fr/agenda/expositions/blaignan-53/la-paille-dans-tous-ces-etats-139251.html,2025-08-31T21:21:26.198528
bf0613d04f24fce260c9d2d6814d8e65,https://www.guide-bordeaux-gironde.com/_bibli/agenda/132460/images/img-5138-1536x1024.jpg?v=ficheAgendaBg,guide-bordeaux-gironde,https://www.guide-bordeaux-gironde.com/fr/agenda/evenements-sportifs/andernos-les-bains-5/portes-ouvertes-a-l-espace-yoga-132460.html,2025-08-31T21:21:29.040618
9f06531cb511c21e7d02e215d81adaa5,https://www.guide-bordeaux-gironde.com/_bibli/agenda/93651/images/bien-venus-carrosse.jpg?v=ficheAgendaBg,guide-bordeaux-gironde,https://www.guide-bordeaux-gironde.com/fr/agenda/patrimoine/cadillac-80/le-carrosse-de-xavier-veilhan-au-chateau-ducal-de-cadillac-93651.html,2025-08-31T21:21:31.784045
82ab645bae12a0d4137c5632336593ec,https://www.guide-bordeaux-gironde.com/_bibli/agenda/105115/images/kayak-de-mer-.jpg?v=ficheAgendaBg,guide-bordeaux-gironde,https://www.guide-bordeaux-gironde.com/fr/agenda/sorties-natures/le-teich-512/guide-prive-canoe-kayak-et-decouverte-faune-flore-105115.html,2025-08-31T21:21:34.168760
a6c583adf28e22f240c57763e834cf31,https://www.guide-bordeaux-gironde.com/_bibli/agenda/120772/images/marche-cap-ferret-15.jpg?v=ficheAgendaBg,guide-bordeaux-gironde,https://www.guide-bordeaux-gironde.com/fr/agenda/marches/lege-cap-ferret-232/marche-du-cap-ferret-120772.html,2025-08-31T21:21:36.812050
7bc40c8895c6829e34cceba483976c28,https://www.guide-bordeaux-gironde.com/_bibli/agenda/133241/images/kayak-tchanquei-es-copie-2.jpg?v=ficheAgendaBg,guide-bordeaux-gironde,https://www.guide-bordeaux-gironde.com/fr/agenda/evenements-sportifs/la-teste-de-buch-514/randonnee-en-kayak-a-l-ile-aux-oiseaux-et-les-cabanes-tchanquees-133241.html,2025-08-31T21:21:39.314832
07c6a9783a65cfd6d09f18be537d0a2d,https://www.guide-bordeaux-gironde.com/_bibli/agenda/134814/images/senflix.png?v=ficheAgendaBg,guide-bordeaux-gironde,https://www.guide-bordeaux-gironde.com/fr/agenda/theatre/bordeaux-61/senflix-134814.html,2025-08-31T21:21:41.657785
8f3390330124b945ea391246472fa693,https://www.guide-bordeaux-gironde.com/_bibli/agenda/134507/images/design-sans-titre-23.png?v=ficheAgendaBg,guide-bordeaux-gironde,https://www.guide-bordeaux-gironde.com/fr/agenda/culture/saint-androny-362/visite-degustation-gourmande-au-chateau-haut-bourcier-134507.html,2025-08-31T21:21:44.264071
057ab894b836fb9823bf814ac7f8a0ba,https://www.guide-bordeaux-gironde.com/_bibli/agenda/100951/images/mme-serres.jpg?v=ficheAgendaBg,guide-bordeaux-gironde,https://www.guide-bordeaux-gironde.com/fr/agenda/expositions/cadillac-80/exposition-de-peintures-de-mme-serres-100951.html,2025-08-31T21:21:47.170943
33bf8c8c3a9f9aa5bf4690b9bb1adb4d,https://www.guide-bordeaux-gironde.com/_bibli/pages/383/thumb/expos.jpg?v=ficheAgendaBg,guide-bordeaux-gironde,https://www.guide-bordeaux-gironde.com/fr/agenda/expositions/le-bouscat-67/napoleon-l-epopee-immersive-136963.html,2025-08-31T21:21:49.669262
3d8e7b62ff3fb6fa69683a5240db1b49,https://www.guide-bordeaux-gironde.com/_bibli/agenda/130625/images/cafe-le-baryton.jpg?v=ficheAgendaBg,guide-bordeaux-gironde,https://www.guide-bordeaux-gironde.com/fr/agenda/concerts/lanton-225/cafe-le-baryton-programme-du-mois-130625.html,2025-08-31T21:21:52.180728
d3b1c1fdd747dcfc5b1ca8f2f9a025f9,https://www.guide-bordeaux-gironde.com/_bibli/agenda/138668/images/15-08-25-expo-bourgne-aparte.jpg?v=ficheAgendaBg,guide-bordeaux-gironde,https://www.guide-bordeaux-gironde.com/fr/agenda/expositions/vertheuil-531/exposition-nadine-bourgne-138668.html,2025-08-31T21:21:54.701298
5dcf8668fd721d13279f2bf08ba8458e,https://www.guide-bordeaux-gironde.com/_bibli/agenda/135236/images/flyer-microferme-page-0001.jpg?v=ficheAgendaBg,guide-bordeaux-gironde,https://www.guide-bordeaux-gironde.com/fr/agenda/marches/saint-emilion-391/la-ferme-de-la-tour-du-pin-135236.html,2025-08-31T21:21:57.241506
064cc7bbcbb54d3f5b40ba6448b55841,https://www.guide-bordeaux-gironde.com/_bibli/agenda/114062/images/images-25.png?v=ficheAgendaBg,guide-bordeaux-gironde,https://www.guide-bordeaux-gironde.com/fr/agenda/culture/audenge-18/librairie-la-petite-parenthese-animations-et-ateliers-du-mois-114062.html,2025-08-31T21:21:59.560329
520d2d28f4ecca5027085cc8a2e9d3ae,https://www.guide-bordeaux-gironde.com/_bibli/agenda/138107/images/513947397-607579259059665-2709948005752247509-n.jpg?v=ficheAgendaBg,guide-bordeaux-gironde,https://www.guide-bordeaux-gironde.com/fr/agenda/expositions/sauveterre-de-guyenne-491/exposition-photo-de-gaetan-chiron-138107.html,2025-08-31T21:22:01.921079
16a7a6514986f941e6bd56208615f309,https://www.guide-bordeaux-gironde.com/_bibli/agenda/132571/images/image-505.jpg?v=ficheAgendaBg,guide-bordeaux-gironde,https://www.guide-bordeaux-gironde.com/fr/agenda/expositions/blaye-56/exposition-photo-de-ferdinando-longhi-132571.html,2025-08-31T21:22:04.212339
ca007fcf68aff997804909e3d77dffe4,https://www.guide-bordeaux-gironde.com/_bibli/agenda/133599/images/floraison-majeure.jpg?v=ficheAgendaBg,guide-bordeaux-gironde,https://www.guide-bordeaux-gironde.com/fr/agenda/patrimoine/la-sauve-490/floraison-majeure-133599.html,2025-08-31T21:22:06.950323
b1679227fe8ca4afbcd33b9318aedcc9,https://www.guide-bordeaux-gironde.com/_bibli/agenda/126811/images/atelierchocolat.png?v=ficheAgendaBg,guide-bordeaux-gironde,https://www.guide-bordeaux-gironde.com/fr/agenda/gastronomie/cadillac-80/atelier-accords-vins-et-chocolats-126811.html,2025-08-31T21:22:09.356722
94ceb99e5f1c69f4bfdfed88a77eeb2f,https://www.guide-bordeaux-gironde.com/_bibli/agenda/136861/images/expo-pierre-laville.jpg?v=ficheAgendaBg,guide-bordeaux-gironde,https://www.guide-bordeaux-gironde.com/fr/agenda/expositions/la-reole-345/exposition-de-pierre-laville-136861.html,2025-08-31T21:22:12.258467
48a57b0da6f2ac10be012143b02e29f2,https://www.guide-bordeaux-gironde.com/_bibli/agenda/127453/images/langon-sud-gironde-agence-les-conteurs-28.jpg?v=ficheAgendaBg,guide-bordeaux-gironde,https://www.guide-bordeaux-gironde.com/fr/agenda/marches/saint-macaire-426/marche-de-saint-macaire-le-jeudi-et-le-dimanche-127453.html,2025-08-31T21:22:14.684765
bc42ac9735bc8b142a91bd260c558c2c,https://www.guide-bordeaux-gironde.com/_bibli/agenda/85463/images/marche-4-2.jpg?v=ficheAgendaBg,guide-bordeaux-gironde,https://www.guide-bordeaux-gironde.com/fr/agenda/marches/saint-loubes-424/marche-hebdomadaire-du-lundi-matin-de-saint-loubes-85463.html,2025-08-31T21:22:17.579340
edb3cbe3005087d44ed8f103a8e40e61,https://www.guide-bordeaux-gironde.com/_bibli/agenda/139904/images/0h2a8327-4.jpg?v=ficheAgendaBg,guide-bordeaux-gironde,https://www.guide-bordeaux-gironde.com/fr/agenda/patrimoine/arcachon-9/visite-guidee-le-petit-train-circuit-la-panoramique-139904.html,2025-08-31T21:22:19.961734
1c2e74881f7a961ad007bc7d6d360e0d,https://www.guide-bordeaux-gironde.com/_bibli/agenda/135863/images/photo-1---bandereau---fort-medoc.jpg?v=ficheAgendaBg,guide-bordeaux-gironde,https://www.guide-bordeaux-gironde.com/fr/agenda/expositions/cussac-fort-medoc-144/engins-de-peche-ou-machines-a-rever-au-rythme-du-fleuve-135863.html,2025-08-31T21:22:22.517131
5540531a40899fd160f4698b1c393d1c,https://www.guide-bordeaux-gironde.com/_bibli/agenda/130234/images/diquero---pl.jpg?v=ficheAgendaBg,guide-bordeaux-gironde,https://www.guide-bordeaux-gironde.com/fr/agenda/expositions/andernos-les-bains-5/exposition-de-peintures-a-l-acrylique-130234.html,2025-08-31T21:22:25.225900
38b8ba7445d788ad6f3e1104fe4fdb1b,https://www.guide-bordeaux-gironde.com/_bibli/agenda/132363/images/0--marche-automne-2.jpg?v=ficheAgendaBg,guide-bordeaux-gironde,https://www.guide-bordeaux-gironde.com/fr/agenda/marches/arcachon-9/marche-d-arcachon-132363.html,2025-08-31T21:22:27.502026
88bc3f261d7bb898bf2b85c68c09cc48,https://www.guide-bordeaux-gironde.com/_bibli/agenda/131443/images/taussat-3.jpg?v=ficheAgendaBg,guide-bordeaux-gironde,https://www.guide-bordeaux-gironde.com/fr/agenda/patrimoine/lanton-225/visite-de-taussat-les-bains-des-pepites-bien-gardees-131443.html,2025-08-31T21:22:29.963135
e4a78705b507c0a464bcf8084257005b,https://www.guide-bordeaux-gironde.com/_bibli/agenda/129689/images/477080058-1022642113228520-6133394959232401045-n.jpg?v=ficheAgendaBg,guide-bordeaux-gironde,https://www.guide-bordeaux-gironde.com/fr/agenda/concerts/le-tourne-519/les-rendez-vous-de-l-etuve-129689.html,2025-08-31T21:22:32.222079
4b724ef9050ab6ad404960376215da94,https://www.guide-bordeaux-gironde.com/_bibli/agenda/137070/images/marche-quatique.jpg?v=ficheAgendaBg,guide-bordeaux-gironde,https://www.guide-bordeaux-gironde.com/fr/agenda/evenements-sportifs/arcachon-9/marche-aquatique-cotiere-137070.html,2025-08-31T21:22:34.677568
8dfdbfa46084bb9447b83eb6ac094472,https://www.guide-bordeaux-gironde.com/_bibli/agenda/135904/images/capture-1097.jpg?v=ficheAgendaBg,guide-bordeaux-gironde,https://www.guide-bordeaux-gironde.com/fr/agenda/patrimoine/loupiac-249/habiter-en-aquitaine-dans-l-antiquite-de-la-tene-finale-a-l-antiquite-tardive-135904.html,2025-08-31T21:22:37.191599
5da9328476663eb10458801c2a8939c3,https://www.guide-bordeaux-gironde.com/_bibli/agenda/135859/images/photo-1---bandereau---fort-medoc.jpg?v=ficheAgendaBg,guide-bordeaux-gironde,https://www.guide-bordeaux-gironde.com/fr/agenda/expositions/cussac-fort-medoc-144/resonance-135859.html,2025-08-31T21:22:39.573300
fad368b1f836837ce208570e3adf9bca,https://www.guide-bordeaux-gironde.com/_bibli/agenda/127108/images/logo-maison-des-acacias-audenge-1024x928.png?v=ficheAgendaBg,guide-bordeaux-gironde,https://www.guide-bordeaux-gironde.com/fr/agenda/fetes-populaires/audenge-18/la-maison-des-acacias-les-ateliers-du-mois-127108.html,2025-08-31T21:22:42.007159
845f36991a09c6e1a99f70d38dc3124f,https://www.guide-bordeaux-gironde.com/_bibli/agenda/135862/images/fort-en-dessins---luc-girard--1-.jpg?v=ficheAgendaBg,guide-bordeaux-gironde,https://www.guide-bordeaux-gironde.com/fr/agenda/expositions/cussac-fort-medoc-144/fort-en-dessins-135862.html,2025-08-31T21:22:44.563223
5e0930ed4798ace4a386c95e2513f8ae,https://www.guide-bordeaux-gironde.com/_bibli/agenda/129991/images/affiche-mardis-en-bastide-2025.jpg?v=ficheAgendaBg,guide-bordeaux-gironde,https://www.guide-bordeaux-gironde.com/fr/agenda/concerts/sauveterre-de-guyenne-491/les-mardis-en-bastide-saison-2025-129991.html,2025-08-31T21:22:47.200417
44248103b60130eb0602d0b6e2e26e37,https://www.guide-bordeaux-gironde.com/_bibli/agenda/139591/images/affiche-arnaud-selignac.jpg?v=ficheAgendaBg,guide-bordeaux-gironde,https://www.guide-bordeaux-gironde.com/fr/agenda/expositions/bourg-65/arnaud-selignac-a-l-espace-la-croix-davids-a-bourg-139591.html,2025-08-31T21:22:50.765280
8de7ccac575a06cb9ce6d27aabb915c1,https://www.guide-bordeaux-gironde.com/_bibli/agenda/137516/images/ecoplaisance-bateaux-amarres-redi.jpg?v=ficheAgendaBg,guide-bordeaux-gironde,https://www.guide-bordeaux-gironde.com/fr/agenda/sorties-natures/le-teich-512/promenade-privatisee-avec-guide-en-bateau-electrique-137516.html,2025-08-31T21:22:53.212590
cbc9499f377e854d8098f469b18863c9,https://www.guide-bordeaux-gironde.com/_bibli/agenda/127782/images/12-mois-12-visites-5-.png?v=ficheAgendaBg,guide-bordeaux-gironde,https://www.guide-bordeaux-gironde.com/fr/agenda/sorties-natures/arcachon-9/visite-guidee-12-mois-12-en-2-roues-pour-tout-voir-127782.html,2025-08-31T21:22:56.665674
5540531a40899fd160f4698b1c393d1c,https://www.guide-bordeaux-gironde.com/_bibli/agenda/130236/images/loeb---tl.jpg?v=ficheAgendaBg,guide-bordeaux-gironde,https://www.guide-bordeaux-gironde.com/fr/agenda/expositions/andernos-les-bains-5/exposition-de-peintures-a-l-acrylique-130236.html,2025-08-31T21:22:58.986529
e5f371ec09f556f7e5b8a2b491e215d3,https://www.guide-bordeaux-gironde.com/_bibli/agenda/127449/images/langon-marche-salade-agence-les-conteurs.jpg?v=ficheAgendaBg,guide-bordeaux-gironde,https://www.guide-bordeaux-gironde.com/fr/agenda/marches/langon-223/marche-de-langon-le-dimanche-127449.html,2025-08-31T21:23:01.450253
3a8abf7fb16e91602e106702985ce547,https://www.guide-bordeaux-gironde.com/_bibli/agenda/139692/images/2025-09-01---le-viti--du-mois--chateau-paloma-.jpg?v=ficheAgendaBg,guide-bordeaux-gironde,https://www.guide-bordeaux-gironde.com/fr/agenda/fetes-populaires/castillon-la-bataille-107/le-viti-du-mois-chateau-paloma-139692.html,2025-08-31T21:23:03.911569
6afe74351a9389eb917cab6806ccc6af,https://www.guide-bordeaux-gironde.com/_bibli/agenda/132333/images/0--marche-automne-2.jpg?v=ficheAgendaBg,guide-bordeaux-gironde,https://www.guide-bordeaux-gironde.com/fr/agenda/marches/arcachon-9/marche-d-arcachon-132333.html,2025-08-31T21:23:06.302218
21a93fa4288e6f6a84e89854a9e7105f,https://www.guide-bordeaux-gironde.com/_bibli/agenda/133868/images/177-2.jpg?v=ficheAgendaBg,guide-bordeaux-gironde,https://www.guide-bordeaux-gironde.com/fr/agenda/expositions/audenge-18/exposition-a-la-cabane-bleue-didier-galmiche-et-agnes-perruchon-133868.html,2025-08-31T21:23:08.667579
87b78e3ff6235dca00966528887b7a5b,https://www.guide-bordeaux-gironde.com/_bibli/agenda/139265/images/design-sans-titre--8--179.jpg?v=ficheAgendaBg,guide-bordeaux-gironde,https://www.guide-bordeaux-gironde.com/fr/agenda/culture/salleboeuf-482/biblioscape--139265.html,2025-08-31T21:23:11.356749
6afe74351a9389eb917cab6806ccc6af,https://www.guide-bordeaux-gironde.com/_bibli/agenda/132362/images/0--marche-automne-2.jpg?v=ficheAgendaBg,guide-bordeaux-gironde,https://www.guide-bordeaux-gironde.com/fr/agenda/marches/arcachon-9/marche-d-arcachon-132362.html,2025-08-31T21:23:13.893484
614dbbe61369080f8f2df19b33ebe482,https://www.guide-bordeaux-gironde.com/_bibli/agenda/130843/images/capture-d-ecran-2025-03-14-150621-2.png?v=ficheAgendaBg,guide-bordeaux-gironde,https://www.guide-bordeaux-gironde.com/fr/agenda/culture/la-teste-de-buch-514/lecture-jeunesse-du-mercredi-by-cultura-130843.html,2025-08-31T21:23:17.287399
2181e2475ea418bd6368ac5033060f12,https://www.guide-bordeaux-gironde.com/_bibli/agenda/138465/images/expos-thierriy-bisch-chateau-perenne-st-genes.jpg?v=ficheAgendaBg,guide-bordeaux-gironde,https://www.guide-bordeaux-gironde.com/fr/agenda/expositions/saint-genes-de-blaye-399/exposition-de-peinture-de-thierry-bisch-au-chateau-perenne-138465.html,2025-08-31T21:23:19.755197
8fbb91a676ede7bcd7583df1ade558c6,https://www.guide-bordeaux-gironde.com/_bibli/agenda/139961/images/0h2a8323-3.jpg?v=ficheAgendaBg,guide-bordeaux-gironde,https://www.guide-bordeaux-gironde.com/fr/agenda/patrimoine/arcachon-9/visite-guidee-le-petit-train-circuit-la-ville-d-hiver-139961.html,2025-08-31T21:23:22.792631
15ff639ded0c74cea9635b6cc43097e4,https://www.guide-bordeaux-gironde.com/_bibli/agenda/136632/images/montaigne-jpg-copie.jpg?v=ficheAgendaBg,guide-bordeaux-gironde,https://www.guide-bordeaux-gironde.com/fr/agenda/theatre/bordeaux-61/montaigne-les-essais-jouir-loyalement-de-son-etre-136632.html,2025-08-31T21:23:25.261717
7564a162f12073c941e0be90c64d561a,https://www.guide-bordeaux-gironde.com/_bibli/agenda/111218/images/bazas---marche1.jpg?v=ficheAgendaBg,guide-bordeaux-gironde,https://www.guide-bordeaux-gironde.com/fr/agenda/marches/bazas-35/marche-de-bazas-le-samedi-111218.html,2025-08-31T21:23:27.939780
bc9115060490013c05d13ca8a36ceaaf,https://www.guide-bordeaux-gironde.com/_bibli/agenda/127920/images/galerie-les-herbes-folles.jpg?v=ficheAgendaBg,guide-bordeaux-gironde,https://www.guide-bordeaux-gironde.com/fr/agenda/expositions/sainte-foy-la-grande-387/exposition-a-la-galerie-les-herbes-folles-127920.html,2025-08-31T21:23:30.603318
d52b9295492a21bf0f3e05e6e1672c22,https://www.guide-bordeaux-gironde.com/_bibli/agenda/134339/images/comptage-d-oiseaux--j.boissiere--office-de-tourisme-ares---22-.jpg?v=ficheAgendaBg,guide-bordeaux-gironde,https://www.guide-bordeaux-gironde.com/fr/agenda/sorties-natures/ares-11/l-odyssee-des-oiseaux-migrateurs-134339.html,2025-08-31T21:23:33.099144
3a39e2c02278dae9a1ea8e40a5add5a2,https://www.guide-bordeaux-gironde.com/_bibli/agenda/135550/images/padel-6322458-1280-1024x682.jpg?v=ficheAgendaBg,guide-bordeaux-gironde,https://www.guide-bordeaux-gironde.com/fr/agenda/evenements-sportifs/andernos-les-bains-5/tournoi-foot-padel-hi-five-135550.html,2025-08-31T21:23:35.444917
e75572665b7c0404e2df52d0f78b0d41,https://www.guide-bordeaux-gironde.com/_bibli/agenda/136636/images/oeuvre-29-sara-favriau--de-l-aptitude-a-cueillir-un-pissenlit-fermement--2024.-escales-atypiques.-commissariat-et-production-f.-latherrade-zebra3.-credit-photo-b.-fecchio--4--wev.jpg?v=ficheAgendaBg,guide-bordeaux-gironde,https://www.guide-bordeaux-gironde.com/fr/agenda/patrimoine/captieux-94/escale-atypique-n-29-136636.html,2025-08-31T21:23:37.934681
4832f47a8bd9e19795a6a9956434c0cb,https://www.guide-bordeaux-gironde.com/_bibli/agenda/133201/images/chateau-saincrit---800x600-61c8d2c05019479a9b4cf1fe6390860a.jpg?v=ficheAgendaBg,guide-bordeaux-gironde,https://www.guide-bordeaux-gironde.com/fr/agenda/fetes-populaires/saint-andre-de-cubzac-359/wine-et-sunset-au-chateau-saincrit-133201.html,2025-08-31T21:23:40.415427
277b5039c965c68bb56d6e34bfa0078f,https://www.guide-bordeaux-gironde.com/_bibli/agenda/133778/images/cabane-des-arts-29-aout-au-5-septembre-2025.jpg?v=ficheAgendaBg,guide-bordeaux-gironde,https://www.guide-bordeaux-gironde.com/fr/agenda/expositions/lanton-225/exposition-cabane-des-arts-francis-verdier-et-m-do-pomparat-133778.html,2025-08-31T21:23:42.898602
cd2b88f3bbbb7c7da7699b24e8bc26f7,https://www.guide-bordeaux-gironde.com/_bibli/agenda/138690/images/nouveau-projet-3--3.jpg?v=ficheAgendaBg,guide-bordeaux-gironde,https://www.guide-bordeaux-gironde.com/fr/agenda/patrimoine/la-sauve-490/sur-les-pas-des-jacquets-chemin-convergents-vers-la-sauve-majeure-138690.html,2025-08-31T21:23:45.160864
eb680b109b3d57c1e6365eb295e6192d,https://www.guide-bordeaux-gironde.com/_bibli/agenda/126751/images/photo-vendangeur-2021.jpg?v=ficheAgendaBg,guide-bordeaux-gironde,https://www.guide-bordeaux-gironde.com/fr/agenda/fetes-populaires/artigues-pres-bordeaux-14/vendangeur-d-un-jour-126751.html,2025-08-31T21:23:47.595897
c7e8cebe0c61f81a3ce247892769d1ba,https://www.guide-bordeaux-gironde.com/_bibli/agenda/138055/images/so-5f15a36966a4bdf14dd490e3-ph0.jpg?v=ficheAgendaBg,guide-bordeaux-gironde,https://www.guide-bordeaux-gironde.com/fr/agenda/marches/vendays-montalivet-526/marche-de-montalivet-138055.html,2025-08-31T21:23:49.826676
9c906c8922c177bab6507783b229567f,https://www.guide-bordeaux-gironde.com/_bibli/agenda/107594/images/groupe-camicas-farfouille.jpg?v=ficheAgendaBg,guide-bordeaux-gironde,https://www.guide-bordeaux-gironde.com/fr/agenda/sorties-natures/arcachon-9/visite-guidee-foret-dunaire-de-camicas-107594.html,2025-08-31T21:23:52.169207
38b8ba7445d788ad6f3e1104fe4fdb1b,https://www.guide-bordeaux-gironde.com/_bibli/agenda/132334/images/0--marche-automne-2.jpg?v=ficheAgendaBg,guide-bordeaux-gironde,https://www.guide-bordeaux-gironde.com/fr/agenda/marches/arcachon-9/marche-d-arcachon-132334.html,2025-08-31T21:23:54.373413
0019e6c278b990deab1dbe3ae82923e6,https://www.guide-bordeaux-gironde.com/_bibli/agenda/138870/images/marche-6---kevin-biette---reduit-2.jpg?v=ficheAgendaBg,guide-bordeaux-gironde,https://www.guide-bordeaux-gironde.com/fr/agenda/marches/ares-11/soiree-food-trucks-138870.html,2025-08-31T21:23:56.631095
adf3a70149818a33633adeb40a2da7d9,https://www.guide-bordeaux-gironde.com/_bibli/agenda/46773/images/quai-des-brocs-800x600-bourg-brocante-2.jpg?v=ficheAgendaBg,guide-bordeaux-gironde,https://www.guide-bordeaux-gironde.com/fr/agenda/brocantes-vides-greniers/bourg-65/antiquites-brocante-et-vide-grenier-a-bourg-46773.html,2025-08-31T21:23:59.208265
9cbb8265381a6a90251381a76ccd3a9e,https://www.guide-bordeaux-gironde.com/_bibli/agenda/92372/images/vh.jpg?v=ficheAgendaBg,guide-bordeaux-gironde,https://www.guide-bordeaux-gironde.com/fr/agenda/patrimoine/arcachon-9/visite-guidee-la-ville-d-hiver-92372.html,2025-08-31T21:24:02.468471
88b9aaa8023e89d59c128f4c32f6f38e,https://www.guide-bordeaux-gironde.com/_bibli/agenda/114221/images/langon-marche-agence-les-conteurs.jpg?v=ficheAgendaBg,guide-bordeaux-gironde,https://www.guide-bordeaux-gironde.com/fr/agenda/marches/langon-223/marche-de-langon-le-vendredi-114221.html,2025-08-31T21:24:05.109219
3b10a0916e165aa2aaaff6c980662eba,https://www.guide-bordeaux-gironde.com/_bibli/agenda/139903/images/0h2a8327-4.jpg?v=ficheAgendaBg,guide-bordeaux-gironde,https://www.guide-bordeaux-gironde.com/fr/agenda/patrimoine/arcachon-9/visite-guidee-le-petit-train-circuit-la-panoramique-139903.html,2025-08-31T21:24:07.718383
c6c071c770d83ef91926868f859de7e4,https://www.guide-bordeaux-gironde.com/_bibli/agenda/127450/images/bazas-sud-gironde-agence-les-conteurs-63.jpg?v=ficheAgendaBg,guide-bordeaux-gironde,https://www.guide-bordeaux-gironde.com/fr/agenda/marches/villandraut-533/marche-de-villandraut-le-jeudi-127450.html,2025-08-31T21:24:10.398741
b447696173093c5c83809222cf64a805,https://www.guide-bordeaux-gironde.com/_bibli/agenda/134916/images/affiche-417.jpg?v=ficheAgendaBg,guide-bordeaux-gironde,https://www.guide-bordeaux-gironde.com/fr/agenda/expositions/ares-11/balade-photographique-d-un-monde-a-l-autre-134916.html,2025-08-31T21:24:13.001497
d4692f73eced8cd6b9c4c901dbe76543,https://www.guide-bordeaux-gironde.com/_bibli/agenda/127452/images/langon-sud-gironde-agence-les-conteurs-6.jpg?v=ficheAgendaBg,guide-bordeaux-gironde,https://www.guide-bordeaux-gironde.com/fr/agenda/marches/hostens-200/marche-d-hostens-le-dimanche-127452.html,2025-08-31T21:24:16.992782
c084a2fc3d774f23cd765a92d1c4a327,https://www.guide-bordeaux-gironde.com/_bibli/agenda/134707/images/cabane-des-arts--30-aout-au-5-septembre-2025.jpg?v=ficheAgendaBg,guide-bordeaux-gironde,https://www.guide-bordeaux-gironde.com/fr/agenda/expositions/lanton-225/exposition-cabane-des-arts-francis-verdier-m-do-pomparat-134707.html,2025-08-31T21:24:20.212052
bcc0fe668a1b5bd850e70f4381677020,https://www.guide-bordeaux-gironde.com/_bibli/agenda/133679/images/apples-1841132-1920-4.jpg?v=ficheAgendaBg,guide-bordeaux-gironde,https://www.guide-bordeaux-gironde.com/fr/agenda/marches/podensac-321/marche-de-podensac-133679.html,2025-08-31T21:24:24.814010
8c12f884039c64fe353e4ba7a2cf8092,https://www.guide-bordeaux-gironde.com/_bibli/agenda/139337/images/allees-des-arts-rue-de-la-poudriere-citadelle-de-blaye-800x600-blaye-tourisme.jpg?v=ficheAgendaBg,guide-bordeaux-gironde,https://www.guide-bordeaux-gironde.com/fr/agenda/expositions/blaye-56/l-allee-des-arts-expose-marc-chagall--139337.html,2025-08-31T21:24:27.240707
ec44a468f99e207ef7ffd7d329aec50d,https://www.guide-bordeaux-gironde.com/_bibli/agenda/131125/images/screenshot-2025-03-17-10-35-09-48-b783bf344239542886fee7b48fa4b892.jpg?v=ficheAgendaBg,guide-bordeaux-gironde,https://www.guide-bordeaux-gironde.com/fr/agenda/divers/villandraut-533/evenements-a-venir-131125.html,2025-08-31T21:24:29.752824
383329478f7acb3d49785e63ca5d319f,https://www.guide-bordeaux-gironde.com/_bibli/agenda/131875/images/image-flyer-a8897f57b9ee4b999395993ee66e174b.jpg?v=ficheAgendaBg,guide-bordeaux-gironde,https://www.guide-bordeaux-gironde.com/fr/agenda/sorties-natures/le-teich-512/en-kayak-sur-la-leyre-avec-dorian-131875.html,2025-08-31T21:24:33.095356
af3aa56fc2c613d90799144bfe314926,https://www.guide-bordeaux-gironde.com/_bibli/agenda/82758/images/455019180-1081824240199395-891741031480663763-n-2.jpg?v=ficheAgendaBg,guide-bordeaux-gironde,https://www.guide-bordeaux-gironde.com/fr/agenda/culture/andernos-les-bains-5/peinture-au-couteau-82758.html,2025-08-31T21:24:35.818042
f4a7ee4e4e5e52fef951b08abf4e9d68,https://www.guide-bordeaux-gironde.com/_bibli/agenda/99705/images/quai-des-brocs-800x600-bourg-brocante-2.jpg?v=ficheAgendaBg,guide-bordeaux-gironde,https://www.guide-bordeaux-gironde.com/fr/agenda/brocantes-vides-greniers/bourg-65/antiquites-brocante-et-vide-grenier-a-bourg-99705.html,2025-08-31T21:24:38.121666
47f6203e94e78698bd80b5e69afde76e,https://www.guide-bordeaux-gironde.com/_bibli/agenda/135882/images/lumiplan-vertical10.jpg?v=ficheAgendaBg,guide-bordeaux-gironde,https://www.guide-bordeaux-gironde.com/fr/agenda/expositions/coutras-136/le-jazz-s-expose-a-coutras-135882.html,2025-08-31T21:24:40.734285
237a461fe8cfde7e75bf08496f0e2b35,https://www.guide-bordeaux-gironde.com/_bibli/agenda/139960/images/0h2a8323-3.jpg?v=ficheAgendaBg,guide-bordeaux-gironde,https://www.guide-bordeaux-gironde.com/fr/agenda/patrimoine/arcachon-9/visite-guidee-le-petit-train-circuit-la-ville-d-hiver-139960.html,2025-08-31T21:24:43.260898
380477c122fad6ba4e4fc5c1aa825264,https://www.guide-bordeaux-gironde.com/_bibli/agenda/129684/images/mai-octobre-expo-guerre-tour.jpg?v=ficheAgendaBg,guide-bordeaux-gironde,https://www.guide-bordeaux-gironde.com/fr/agenda/expositions/lesparre-medoc-236/exposition-le-medoc-de-l-occupation-jusqu-a-la-liberation--129684.html,2025-08-31T21:24:45.922581
d8881a5e7d362f6d053432426dcd161c,https://www.guide-bordeaux-gironde.com/_bibli/agenda/137660/images/petite-brocante-du-moulleau.jpg?v=ficheAgendaBg,guide-bordeaux-gironde,https://www.guide-bordeaux-gironde.com/fr/agenda/brocantes-vides-greniers/arcachon-9/petite-brocante-du-moulleau-137660.html,2025-08-31T21:24:48.512769
724b9dbd37f9efea88a969609ed5ab33,https://www.guide-bordeaux-gironde.com/_bibli/agenda/78612/images/source-des-abatilles-4.jpg?v=ficheAgendaBg,guide-bordeaux-gironde,https://www.guide-bordeaux-gironde.com/fr/agenda/patrimoine/arcachon-9/visite-guidee-la-source-des-abatilles-78612.html,2025-08-31T21:24:51.055456
1d20424c9dfe2fab10bdc7dda887285d,https://www.guide-bordeaux-gironde.com/_bibli/agenda/126813/images/img-6332.jpg?v=ficheAgendaBg,guide-bordeaux-gironde,https://www.guide-bordeaux-gironde.com/fr/agenda/gastronomie/cadillac-80/cours-de-cuisine-et-diner-a-la-table-des-vignerons-126813.html,2025-08-31T21:24:53.526207
f37ccc713707c995a54d0a3a10e31cce,https://www.guide-bordeaux-gironde.com/_bibli/agenda/139962/images/0h2a8323-3.jpg?v=ficheAgendaBg,guide-bordeaux-gironde,https://www.guide-bordeaux-gironde.com/fr/agenda/patrimoine/arcachon-9/visite-guidee-le-petit-train-circuit-la-ville-d-hiver-139962.html,2025-08-31T21:24:56.142902
578b48d2c530d8f70449b333b408d439,https://www.guide-bordeaux-gironde.com/_bibli/agenda/136167/images/capture-d-ecran-2025-06-14-a-11.29.11--1-.jpg?v=ficheAgendaBg,guide-bordeaux-gironde,https://www.guide-bordeaux-gironde.com/fr/agenda/expositions/saint-macaire-426/un-ete-particulier-136167.html,2025-08-31T21:24:59.539222
767f48f466a696670d5da9273b8dd7f4,https://www.guide-bordeaux-gironde.com/_bibli/agenda/94701/images/bunker-502-bon.jpg?v=ficheAgendaBg,guide-bordeaux-gironde,https://www.guide-bordeaux-gironde.com/fr/agenda/patrimoine/arcachon-9/visite-libre-du-bunker-502-94701.html,2025-08-31T21:25:01.931999
633c4cbab09c1638a4f27cb3080e90b0,https://www.guide-bordeaux-gironde.com/_bibli/agenda/81875/images/passe-maree-andernos-tourisme-mathilde-4.jpg?v=ficheAgendaBg,guide-bordeaux-gironde,https://www.guide-bordeaux-gironde.com/fr/agenda/sorties-natures/andernos-les-bains-5/passe-maree-andernos-arcachon-81875.html,2025-08-31T21:25:04.203749
6cec6ee3ddd9a1d283337395a88a2e02,https://www.guide-bordeaux-gironde.com/_bibli/agenda/139226/images/affiche-a4-fr.jpg?v=ficheAgendaBg,guide-bordeaux-gironde,https://www.guide-bordeaux-gironde.com/fr/agenda/expositions/saint-emilion-391/exposition-d-art-le-dome-139226.html,2025-08-31T21:25:06.747704
156a44bc65e32353ec9fffdea6d92649,https://www.guide-bordeaux-gironde.com/_bibli/agenda/62918/images/domaine-de-certes-et-graveyron.jpg?v=ficheAgendaBg,guide-bordeaux-gironde,https://www.guide-bordeaux-gironde.com/fr/agenda/sorties-natures/audenge-18/domaine-de-certes-et-graveyron-sorties-nature-du-mois-62918.html,2025-08-31T21:25:10.242053
db11fe441ec2897f95389eba034ab7c8,https://www.guide-bordeaux-gironde.com/_bibli/agenda/126680/images/img-6332.jpg?v=ficheAgendaBg,guide-bordeaux-gironde,https://www.guide-bordeaux-gironde.com/fr/agenda/gastronomie/cadillac-80/cours-de-cuisine-et-diner-a-la-table-des-vignerons-126680.html,2025-08-31T21:25:12.696762
2b60583a97aedef6641fed4045bdcb14,https://www.guide-bordeaux-gironde.com/_bibli/agenda/131383/images/passerelle-logo.jpg?v=ficheAgendaBg,guide-bordeaux-gironde,https://www.guide-bordeaux-gironde.com/fr/agenda/cinema/monsegur-284/programme-annuel-de-l-association-passerelle-131383.html,2025-08-31T21:25:15.457382
cbc9499f377e854d8098f469b18863c9,https://www.guide-bordeaux-gironde.com/_bibli/agenda/120045/images/12-mois-12-visites-5-.png?v=ficheAgendaBg,guide-bordeaux-gironde,https://www.guide-bordeaux-gironde.com/fr/agenda/patrimoine/arcachon-9/visite-guidee-12-mois-12-en-2-roues-pour-tout-voir-120045.html,2025-08-31T21:25:17.831726
61792c85a31372c8a787e8afbe635971,https://www.guide-bordeaux-gironde.com/_bibli/agenda/134508/images/design-sans-titre-23.png?v=ficheAgendaBg,guide-bordeaux-gironde,https://www.guide-bordeaux-gironde.com/fr/agenda/culture/saint-androny-362/visite-degustation-gourmande-au-chateau-haut-bourcier-134508.html,2025-08-31T21:25:20.167741
547d614d43657b37e789dbed8c6b316c,https://www.guide-bordeaux-gironde.com/_bibli/agenda/85088/images/design-sans-titre--2--74.jpg?v=ficheAgendaBg,guide-bordeaux-gironde,https://www.guide-bordeaux-gironde.com/fr/agenda/marches/sauveterre-de-guyenne-491/marche-hebdomadaire-du-mardi-matin-a-sauveterre-de-guyenne-85088.html,2025-08-31T21:25:22.584422
3b80b4d73e1a1038304bef3c183573a3,https://www.guide-bordeaux-gironde.com/_bibli/agenda/139892/images/exposition-d-art---pixabay-4.jpg?v=ficheAgendaBg,guide-bordeaux-gironde,https://www.guide-bordeaux-gironde.com/fr/agenda/expositions/sainte-foy-la-grande-387/exposition-de-lynn-gael-galan-a-coeur-de-bastide-139892.html,2025-08-31T21:25:25.089549
f2f37b802068f24e25808e4d5c6149a3,https://www.guide-bordeaux-gironde.com/_bibli/agenda/133880/images/kevin-biette---ville-d-hiver---0h2a3951--26-.jpg?v=ficheAgendaBg,guide-bordeaux-gironde,https://www.guide-bordeaux-gironde.com/fr/agenda/expositions/arcachon-9/exposition-arcachon-sous-le-second-empire-133880.html,2025-08-31T21:25:27.575753
1697c22e92860a53df26a736b2a1be4a,https://www.guide-bordeaux-gironde.com/_bibli/agenda/132280/images/photographe-5.jpg?v=ficheAgendaBg,guide-bordeaux-gironde,https://www.guide-bordeaux-gironde.com/fr/agenda/expositions/bazas-35/concours-photo-des-illusions-132280.html,2025-08-31T21:25:29.977493
6a4d39797f3ff198315e76241fd75612,https://www.guide-bordeaux-gironde.com/_bibli/agenda/128194/images/affiche-carrelets.jpg?v=ficheAgendaBg,guide-bordeaux-gironde,https://www.guide-bordeaux-gironde.com/fr/agenda/expositions/pauillac-308/exposition-de-peintures-les-carrelets--128194.html,2025-08-31T21:25:32.274714
1cfd82434202ceb20a895b0037e40d41,https://www.guide-bordeaux-gironde.com/_bibli/agenda/95321/images/vegetables-3386212-1920-5.jpg?v=ficheAgendaBg,guide-bordeaux-gironde,https://www.guide-bordeaux-gironde.com/fr/agenda/marches/cadillac-80/marche-de-cadillac-sur-garonne-95321.html,2025-08-31T21:25:35.187709
ad63d33cd49741be9f34b5160d14595f,https://www.guide-bordeaux-gironde.com/_bibli/agenda/136065/images/visite-costumee.jpg?v=ficheAgendaBg,guide-bordeaux-gironde,https://www.guide-bordeaux-gironde.com/fr/agenda/culture/saint-andre-du-bois-360/visite-costumee-136065.html,2025-08-31T21:25:37.679663
1e2a5812d01a39bcc696423a15fdbf44,https://www.guide-bordeaux-gironde.com/_bibli/agenda/135646/images/copyright-les-amis-du-musee--1-.jpg?v=ficheAgendaBg,guide-bordeaux-gironde,https://www.guide-bordeaux-gironde.com/fr/agenda/expositions/villandraut-533/exposition-l-ecole-a-villandraut-deux-siecles-d-histoire-135646.html,2025-08-31T21:25:40.516698
61e872f3fb451d5a67f838a7b972a77b,https://www.guide-bordeaux-gironde.com/_bibli/agenda/123602/images/0--marche-automne-2.jpg?v=ficheAgendaBg,guide-bordeaux-gironde,https://www.guide-bordeaux-gironde.com/fr/agenda/marches/arcachon-9/marche-d-arcachon-123602.html,2025-08-31T21:25:43.072944
846238cf1eff9cb8cbf2d2c3124194b0,https://www.guide-bordeaux-gironde.com/_bibli/agenda/122609/images/lotos-lesparre.jpg?v=ficheAgendaBg,guide-bordeaux-gironde,https://www.guide-bordeaux-gironde.com/fr/agenda/lotos-quines/lesparre-medoc-236/les-lotos-2025-2026-des-troubadours-122609.html,2025-08-31T21:25:45.658317
bb9d2cba133f7a2fa0c34f4b300eadfa,https://www.guide-bordeaux-gironde.com/_bibli/agenda/138106/images/513947397-607579259059665-2709948005752247509-n.jpg?v=ficheAgendaBg,guide-bordeaux-gironde,https://www.guide-bordeaux-gironde.com/fr/agenda/expositions/sauveterre-de-guyenne-491/exposition-photo-de-gaetan-chiron-138106.html,2025-08-31T21:25:48.634219
5540531a40899fd160f4698b1c393d1c,https://www.guide-bordeaux-gironde.com/_bibli/agenda/130233/images/sniege---sb.jpg?v=ficheAgendaBg,guide-bordeaux-gironde,https://www.guide-bordeaux-gironde.com/fr/agenda/expositions/andernos-les-bains-5/exposition-de-peintures-a-l-acrylique-130233.html,2025-08-31T21:25:50.918330
633c4cbab09c1638a4f27cb3080e90b0,https://www.guide-bordeaux-gironde.com/_bibli/agenda/128989/images/passe-maree-andernos-tourisme-mathilde-4.jpg?v=ficheAgendaBg,guide-bordeaux-gironde,https://www.guide-bordeaux-gironde.com/fr/agenda/sorties-natures/andernos-les-bains-5/passe-maree-andernos-arcachon-128989.html,2025-08-31T21:25:53.136470
3ec2ab7a8d174a37b4405290d32c7f40,https://www.guide-bordeaux-gironde.com/_bibli/agenda/135027/images/format-a4.png?v=ficheAgendaBg,guide-bordeaux-gironde,https://www.guide-bordeaux-gironde.com/fr/agenda/concerts/bordeaux-61/les-evenements-pulpes-de-l-ete-135027.html,2025-08-31T21:25:55.547189
e77e675de580ffaa1a099dd6b39dfedf,https://www.guide-bordeaux-gironde.com/_bibli/agenda/139902/images/0h2a8327-4.jpg?v=ficheAgendaBg,guide-bordeaux-gironde,https://www.guide-bordeaux-gironde.com/fr/agenda/patrimoine/arcachon-9/visite-guidee-le-petit-train-circuit-la-panoramique-139902.html,2025-08-31T21:25:58.427230
12270b9f1a11d9417eef03427230f579,https://www.guide-bordeaux-gironde.com/_bibli/agenda/136443/images/running-4782722-640.jpg?v=ficheAgendaBg,guide-bordeaux-gironde,https://www.guide-bordeaux-gironde.com/fr/agenda/sorties-natures/ares-11/semaine-de-lutte-contre-la-sedentarite-136443.html,2025-08-31T21:26:00.951232
283984abbb4c368327c24013caccbe1f,https://www.guide-bordeaux-gironde.com/_bibli/agenda/137920/images/marche-ludon.jpg?v=ficheAgendaBg,guide-bordeaux-gironde,https://www.guide-bordeaux-gironde.com/fr/agenda/marches/ludon-medoc-252/marche-hebdomadaire-ludon-medoc-137920.html,2025-08-31T21:26:03.488980
5e0930ed4798ace4a386c95e2513f8ae,https://www.guide-bordeaux-gironde.com/_bibli/agenda/129992/images/affiche-mardis-en-bastide-2025.jpg?v=ficheAgendaBg,guide-bordeaux-gironde,https://www.guide-bordeaux-gironde.com/fr/agenda/concerts/sauveterre-de-guyenne-491/les-mardis-en-bastide-saison-2025-129992.html,2025-08-31T21:26:06.121601
cd4c91d5de5774225646d01ef6eb6b02,https://www.guide-bordeaux-gironde.com/_bibli/agenda/128795/images/programme-1-mois-1-artiste-2025.jpg?v=ficheAgendaBg,guide-bordeaux-gironde,https://www.guide-bordeaux-gironde.com/fr/agenda/expositions/lacanau-211/1-mois-1-artiste-2gi-ludo-mediatheque-de-l-ocean-et-de-la-ville-128795.html,2025-08-31T21:26:08.751108
405228471c94fb85da59c433e3f2ec59,https://www.guide-bordeaux-gironde.com/_bibli/agenda/117520/images/1200x600px-web-domainedecertes-expoduneetforet-24042025-02.png?v=ficheAgendaBg,guide-bordeaux-gironde,https://www.guide-bordeaux-gironde.com/fr/agenda/expositions/audenge-18/exposition-au-domaine-de-certes-et-graveyron-dunes-et-forets-les-gardiennes-du-littoral-117520.html,2025-08-31T21:26:11.047112
e147bc025af9e68377753e617093d2a2,https://www.guide-bordeaux-gironde.com/_bibli/agenda/137533/images/chateau-du-hamel-sud-gironde-agence-les-conteurs-2.jpg?v=ficheAgendaBg,guide-bordeaux-gironde,https://www.guide-bordeaux-gironde.com/fr/agenda/culture/castets-en-dorthe-105/visite-du-chateau-du-hamel-137533.html,2025-08-31T21:26:13.529306
9f92b356f0c33cf0ec25e1f35daa13ae,https://www.guide-bordeaux-gironde.com/_bibli/agenda/85576/images/monsegur-4-2.jpg?v=ficheAgendaBg,guide-bordeaux-gironde,https://www.guide-bordeaux-gironde.com/fr/agenda/marches/monsegur-284/marche-hebdomadaire-du-mardi-a-monsegur-85576.html,2025-08-31T21:26:15.955692
671fd6e8ede74b1ab5e5cecccab5fc17,https://www.guide-bordeaux-gironde.com/_bibli/agenda/139497/images/collation2025-chateau-marceline-affiche.jpg?v=ficheAgendaBg,guide-bordeaux-gironde,https://www.guide-bordeaux-gironde.com/fr/agenda/divers/saint-estephe-393/collation-au-chateau-marceline-139497.html,2025-08-31T21:26:18.554508
e5f371ec09f556f7e5b8a2b491e215d3,https://www.guide-bordeaux-gironde.com/_bibli/agenda/114225/images/langon-marche-salade-agence-les-conteurs.jpg?v=ficheAgendaBg,guide-bordeaux-gironde,https://www.guide-bordeaux-gironde.com/fr/agenda/marches/langon-223/marche-de-langon-le-dimanche-114225.html,2025-08-31T21:26:21.053881
34e6adafe850c7d11a98b746845218a2,https://www.guide-bordeaux-gironde.com/_bibli/agenda/127447/images/langon-sud-gironde-agence-les-conteurs-32.jpg?v=ficheAgendaBg,guide-bordeaux-gironde,https://www.guide-bordeaux-gironde.com/fr/agenda/marches/prechac-330/marche-de-prechac-le-mardi-127447.html,2025-08-31T21:26:23.652853
25e1a1d46d54a5f0be91344d9b89de21,https://www.guide-bordeaux-gironde.com/_bibli/agenda/134524/images/flyer-a5-recto-verso-tna-cphoto-2024-800x600.jpg?v=ficheAgendaBg,guide-bordeaux-gironde,https://www.guide-bordeaux-gironde.com/fr/agenda/jeux-concours/blaye-56/concours-photo-ma-region-en-image-2025--134524.html,2025-08-31T21:26:27.166895
d7d2b083c42421031b9a0809cdf145fc,https://www.guide-bordeaux-gironde.com/_bibli/agenda/130235/images/maison-louis-david-andernos-2.jpg?v=ficheAgendaBg,guide-bordeaux-gironde,https://www.guide-bordeaux-gironde.com/fr/agenda/expositions/andernos-les-bains-5/exposition-de-peintures-techniques-mixtes-130235.html,2025-08-31T21:26:29.576033
6e0c0a35e11361183154e4c9dec55c1b,https://www.guide-bordeaux-gironde.com/_bibli/agenda/138836/images/food-7063535-640--1-.jpg?v=ficheAgendaBg,guide-bordeaux-gironde,https://www.guide-bordeaux-gironde.com/fr/agenda/marches/ares-11/marches-gourmands-a-ares-138836.html,2025-08-31T21:26:32.144350
88b9aaa8023e89d59c128f4c32f6f38e,https://www.guide-bordeaux-gironde.com/_bibli/agenda/127448/images/langon-marche-agence-les-conteurs.jpg?v=ficheAgendaBg,guide-bordeaux-gironde,https://www.guide-bordeaux-gironde.com/fr/agenda/marches/langon-223/marche-de-langon-le-vendredi-127448.html,2025-08-31T21:26:34.656142
7d6ad4684de67c71b6a6caeda5e46ad8,https://www.guide-bordeaux-gironde.com/_bibli/agenda/132111/images/poudiere--steleclech--7-800x600.jpg?v=ficheAgendaBg,guide-bordeaux-gironde,https://www.guide-bordeaux-gironde.com/fr/agenda/expositions/blaye-56/expositions-artistiques-a-la-poudriere-132111.html,2025-08-31T21:26:37.151724
90d0c9cae2c1ad45258266909fdf8711,https://www.guide-bordeaux-gironde.com/_bibli/agenda/134813/images/frichti.jpeg?v=ficheAgendaBg,guide-bordeaux-gironde,https://www.guide-bordeaux-gironde.com/fr/agenda/theatre/bordeaux-61/frichti-134813.html,2025-08-31T21:26:39.780432
c6c071c770d83ef91926868f859de7e4,https://www.guide-bordeaux-gironde.com/_bibli/agenda/114232/images/bazas-sud-gironde-agence-les-conteurs-63.jpg?v=ficheAgendaBg,guide-bordeaux-gironde,https://www.guide-bordeaux-gironde.com/fr/agenda/marches/villandraut-533/marche-de-villandraut-le-jeudi-114232.html,2025-08-31T21:26:42.799502
234f7d0d7e5b5cb4b25a26f1feaa8aca,https://www.guide-bordeaux-gironde.com/_bibli/agenda/132769/images/village---dordogne---bourg--800x600-.jpg?v=ficheAgendaBg,guide-bordeaux-gironde,https://www.guide-bordeaux-gironde.com/fr/agenda/patrimoine/bourg-65/visite-guidee-de-bourg-et-degustation-de-la-figue-de-bourg-132769.html,2025-08-31T21:26:45.665619
21db3ddbb04809c413b36c3a08f8df2a,https://www.guide-bordeaux-gironde.com/_bibli/agenda/138499/images/jean-marc-2.jpg?v=ficheAgendaBg,guide-bordeaux-gironde,https://www.guide-bordeaux-gironde.com/fr/agenda/fetes-populaires/lanton-225/le-manege-de-taussat-138499.html,2025-08-31T21:26:48.090589
c8052b7cd1f7d8158d1940952ae4046d,https://www.guide-bordeaux-gironde.com/_bibli/agenda/138922/images/loup-de-casamayor.jpg?v=ficheAgendaBg,guide-bordeaux-gironde,https://www.guide-bordeaux-gironde.com/fr/agenda/expositions/castelmoron-d-albret-102/exposition-loup-de-casamayor-138922.html,2025-08-31T21:26:50.955854
17ad5bd8fd4d72aa441c34c7ff251c9a,https://www.guide-bordeaux-gironde.com/_bibli/agenda/129680/images/09-2025-expos-avions-tour.jpg?v=ficheAgendaBg,guide-bordeaux-gironde,https://www.guide-bordeaux-gironde.com/fr/agenda/patrimoine/lesparre-medoc-236/exposition-les-premiers-vols-aeriens-en-france-129680.html,2025-08-31T21:26:53.373430
d667af155f8ee153d370f0726c3cee77,https://www.guide-bordeaux-gironde.com/_bibli/agenda/127220/images/arbre-mgen---gregory-cassiau---les-conteurs---6.jpg?v=ficheAgendaBg,guide-bordeaux-gironde,https://www.guide-bordeaux-gironde.com/fr/agenda/sorties-natures/ares-11/la-foret-en-tous-sens-127220.html,2025-08-31T21:26:55.886117
261a1b2cd942759a2b7476ff5081efad,https://www.guide-bordeaux-gironde.com/_bibli/agenda/137079/images/marche-quatique.jpg?v=ficheAgendaBg,guide-bordeaux-gironde,https://www.guide-bordeaux-gironde.com/fr/agenda/evenements-sportifs/arcachon-9/marche-aquatique-cotiere-137079.html,2025-08-31T21:26:58.165823
34f87922d92759bd202bc0516113b422,https://www.guide-bordeaux-gironde.com/_bibli/agenda/134157/images/15-05-15-09-25-exposition-photos-mtv-st-seurin.jpg?v=ficheAgendaBg,guide-bordeaux-gironde,https://www.guide-bordeaux-gironde.com/fr/agenda/expositions/saint-seurin-de-cadourne-464/exposition-des-oeuvres-de-manon-belis-134157.html,2025-08-31T21:27:00.640005
58df48e2228ac901f119ee086d8f0bf7,https://www.guide-bordeaux-gironde.com/_bibli/agenda/135289/images/fanny-laffitte-2018-1--2.jpg?v=ficheAgendaBg,guide-bordeaux-gironde,https://www.guide-bordeaux-gironde.com/fr/agenda/expositions/bazas-35/exposition-de-fanny-laffitte-au-domaine-de-fompeyre-135289.html,2025-08-31T21:27:03.172470
9c906c8922c177bab6507783b229567f,https://www.guide-bordeaux-gironde.com/_bibli/agenda/107669/images/groupe-camicas-farfouille.jpg?v=ficheAgendaBg,guide-bordeaux-gironde,https://www.guide-bordeaux-gironde.com/fr/agenda/sorties-natures/arcachon-9/visite-guidee-foret-dunaire-de-camicas-107669.html,2025-08-31T21:27:07.113906
c65dc887d6d3770cd06745bc9d574b8f,https://www.guide-bordeaux-gironde.com/_bibli/agenda/139790/images/15-novembre---le-porge.jpg?v=ficheAgendaBg,guide-bordeaux-gironde,https://www.guide-bordeaux-gironde.com/fr/agenda/sorties-natures/le-porge-327/sortie-patrimoine-le-creusement-du-canal-des-etangs-le-sentier-d-interpretation-139790.html,2025-08-31T21:27:09.968102
0b9505d916f0277a4a93176c0f687442,https://www.guide-bordeaux-gironde.com/_bibli/agenda/139504/images/drouyn3.jpg?v=ficheAgendaBg,guide-bordeaux-gironde,https://www.guide-bordeaux-gironde.com/fr/agenda/patrimoine/la-sauve-490/exposition-leo-drouyn-139504.html,2025-08-31T21:27:13.269980
81fc27bc12eb5f44a5492d14809f51f3,https://www.guide-bordeaux-gironde.com/_bibli/agenda/127451/images/langon-sud-gironde-agence-les-conteurs-8.jpg?v=ficheAgendaBg,guide-bordeaux-gironde,https://www.guide-bordeaux-gironde.com/fr/agenda/marches/saint-symphorien-472/marche-de-saint-symphorien-le-mercredi-127451.html,2025-08-31T21:27:16.845976
